{
  "reporter": {
    "type": "match",
    "expectation": [0, 0, 0, 20, 20, 30],
    "tolerance": [255, 255, 255, 13, 13, 13]
  },
  "player_present": {
    "type": "match",
    "expectation": [0, 0, 0, 255, 255, 255],
    "tolerance": [255, 255, 255, 245, 245, 245]
  },
  "alive": {
    "type": "match",
    "expectation": [255.0, 255.0, 255.0, 0.0, 0.0, 0.0],
    "tolerance": [55, 55, 55, 255, 255, 255]
  },
  "recorder_alive": {
    "type": "match",
    "expectation": [176.521162205445, 160.43880118965913, 157.95447266071838, 65.86560846539402, 56.89621849957324, 34.97652230857786],
    "tolerance": [50, 50, 50, 50, 40, 25]
  },
  "owner_colour": {
    "rapa": {
      "black": [116.4375, 104.5, 93.875, 1.4986973510352248, 1.5, 1.79843682124227],
      "blue": [209.0, 79.75, 63.5625, 2.598076211353316, 1.14564392373896, 1.3213984069916234],
      "brown": [82.1875, 105.5, 130.375, 1.8103435447450298, 1.0606601717798212, 1.3169567191065923],
      "cyan": [227.5625, 253.75, 102.625, 3.741135355744296, 0.82915619758885, 2.117634293262177],
      "green": [94.5625, 159.875, 68.0625, 4.167864411182302, 2.4462982238476156, 1.7842628029525247],
      "lime": [107.75, 253.75, 116.375, 3.832427429188973, 1.0897247358851685, 1.1110243021644486],
      "orange": [71.125, 140.875, 213.0, 1.0532687216470449, 1.7275343701356567, 0.9354143466934853],
      "pink": [195.3125, 98.75, 214.625, 1.757795138803154, 1.3919410907075054, 2.4462982238476156],
      "purple": [194.625, 76.375, 124.375, 2.341874249399399, 1.5761900266148114, 1.3169567191065923],
      "red": [73.1875, 49.625, 179.375, 1.7399263633843818, 1.3635890143294642, 3.2572035551988456],
      "white": [240.625, 219.125, 205.625, 2.6427968139832467, 1.79843682124227, 1.8666480653835098],
      "yellow": [129.875, 242.1875, 227.9375, 2.8695600708122493, 2.2698774746668597, 4.520353277123371]
    },
    "rapd": {
      "black": [87.125, 79.25, 69.9375, 1.165922381636102, 1.0307764064044151, 0.8267972847076845],
      "blue": [138.875, 67.8125, 52.0, 2.9553976043842223, 1.4238482187368147, 1.4142135623730951],
      "brown": [73.5, 81.6875, 92.375, 1.224744871391589, 0.8454843286542927, 1.2686114456365274],
      "cyan": [147.8125, 164.125, 71.875, 2.6743866119168334, 1.2183492931011204, 2.394655507583502],
      "green": [79.5, 108.9375, 56.75, 3.181980515339464, 2.105610065990377, 3.6996621467371855],
      "lime": [84.625, 160.6875, 81.25, 2.341874249399399, 0.7680128579652817, 1.4361406616345072],
      "orange": [67.5, 99.25, 136.9375, 1.541103500742244, 1.4361406616345072, 2.7492896809903464],
      "pink": [131.75, 76.0, 135.8125, 1.5612494995995996, 1.0, 1.0135796712641785],
      "purple": [135.1875, 65.0625, 88.625, 1.2854352375751958, 1.0879309490955758, 1.1110243021644486],
      "red": [66.25, 49.875, 117.5625, 1.14564392373896, 0.6959705453537527, 0.49607837082461076],
      "white": [154.875, 143.9375, 131.3125, 1.6909686573085854, 0.8267972847076845, 1.3564084008881692],
      "yellow": [95.8125, 154.3125, 144.0625, 2.3242942477233814, 1.8275239396516807, 1.8529958850466992]
    },
    "rdpa": {
      "black": [76.6875, 69.5625, 64.9375, 1.6851835953390955, 0.7043392293490403, 0.899218410621135],
      "blue": [200.375, 36.5, 22.8125, 3.3888604279314896, 0.8660254037844386, 1.1301963325015703],
      "brown": [32.5625, 69.3125, 108.0, 1.4986973510352248, 1.4456291882775472, 1.1726039399558574],
      "cyan": [220.9375, 254.375, 71.875, 1.71277370075559, 0.8569568250501305, 2.2878756522153907],
      "green": [94.5625, 159.875, 68.0625, 4.167864411182302, 2.4462982238476156, 1.7842628029525247],
      "lime": [66.3125, 254.3125, 91.9375, 5.216784809631312, 0.8454843286542927, 1.6758859597239903],
      "orange": [20.0625, 117.8125, 229.0, 2.536452985962878, 1.3792547806696194, 1.7677669529663689],
      "pink": [183.6875, 59.9375, 222.4375, 1.8614090764794289, 1.7488835724541527, 1.7666617531378213],
      "purple": [182.375, 29.5625, 102.0, 3.9350190596742984, 1.4986973510352248, 1.224744871391589],
      "red": [17.875, 0.9375, 180.3125, 2.394655507583502, 0.8267972847076845, 1.6092991486979666],
      "white": [241.5625, 223.5625, 214.125, 0.998044963916957, 1.2231491119238078, 1.79843682124227],
      "yellow": [96.3125, 253.1875, 245.625, 2.822205476218909, 1.9435389756832766, 3.637908052713812]
    },
    "rdpd": {
      "black": [41.875, 38.125, 34.0, 1.6153559979150107, 1.2686114456365274, 1.4577379737113252],
      "blue": [111.625, 18.75, 14.375, 4.090767042988393, 0.5590169943749475, 1.7633419974582356],
      "brown": [16.1875, 38.875, 58.1875, 1.1301963325015703, 0.6959705453537527, 1.775484088917724],
      "cyan": [119.1875, 152.125, 40.75, 2.530285309999645, 1.653594569415369, 1.299038105676658],
      "green": [29.8125, 78.1875, 13.8125, 4.585558172131284, 2.6743866119168334, 3.5216961467452017],
      "lime": [40.6875, 146.375, 51.75, 1.9911915402592488, 1.2686114456365274, 2.1937410968480306],
      "orange": [13.375, 65.875, 126.625, 1.7633419974582356, 0.9921567416492215, 1.5360257159305635],
      "pink": [100.4375, 31.3125, 124.4375, 3.061224224064614, 0.7680128579652817, 1.0588171466310885],
      "purple": [101.0625, 16.875, 54.6875, 2.560975156068485, 1.2183492931011204, 1.6092991486979666],
      "red": [10.5, 0.5625, 99.1875, 2.4238399287081647, 0.9333240326917549, 1.9754350786598884],
      "white": [133.6875, 122.625, 120.6875, 1.6851835953390955, 1.7633419974582356, 1.8946882989030147],
      "yellow": [56.0625, 141.0, 136.0, 3.896613112691585, 3.1024184114977142, 3.020761493398643]
    }
  },
  "rapa_colour": {
    "type": "nearest_neighbour",
    "options": {
      "red": [72.4375, 49.0625, 180.9375, 1.2231491119238078, 1.197327753791751, 1.8864235340983213],
      "blue": [209.375, 80.0625, 63.5625, 0.7806247497997998, 0.9662265521087692, 1.0588171466310885],
      "green": [95.0625, 159.8125, 67.8125, 1.8864235340983213, 1.3792547806696194, 1.5090870584562046],
      "pink": [194.6875, 98.5625, 214.875, 1.4456291882775472, 1.27322179921646, 3.4072532926097527],
      "orange": [72.8125, 141.5625, 218.25, 1.1301963325015703, 0.9333240326917549, 1.25],
      "yellow": [130.625, 242.5625, 227.4375, 2.4206145913796355, 2.760632853169722, 1.6571341979453564],
      "black": [114.5625, 105.5, 94.75, 0.8637671850678283, 0.7905694150420949, 1.25],
      "white": [239.375, 219.0, 205.9375, 2.0879116360612584, 1.3693063937629153, 2.2491317769308226],
      "purple": [194.625, 76.375, 124.375, 2.341874249399399, 1.5761900266148114, 1.3169567191065923],
      "brown": [81.375, 104.75, 126.75, 1.8328597873268975, 2.0463381929681126, 1.14564392373896],
      "cyan": [227.5625, 253.75, 102.625, 3.741135355744296, 0.82915619758885, 2.117634293262177],
      "lime": [108.9375, 252.625, 116.75, 3.8319177639923327, 1.8666480653835098, 4.16082924427331]
    }
  },
  "dead_colour": {
    "type": "nearest_neighbour",
    "options": {
      "red": [],
      "blue": [],
      "green": [33.1875, 63.8125, 23.6875, 3.8114752721223315, 8.217502281715534, 5.451132336496703],
      "pink": [],
      "orange": [],
      "yellow": [95.0, 155.5, 143.0, 4.301162633521313, 2.4238399287081647, 2.2638462845343543],
      "black": [87.5, 79.25, 68.75, 0.8660254037844386, 0.4330127018922193, 0.6614378277661477],
      "white": [],
      "purple": [],
      "brown": [],
      "cyan": [],
      "lime": []
    }
  }
}