{
  "reporter": {
    "type": "match",
    "expectation": [123.21428571428571, 126.85714285714285, 175.39285714285714, 19.787906015791478, 19.649998701770777, 29.67061952951618],
    "tolerance": [255, 255, 255, 2, 2, 2]
  }
}